Workbook
Name Slicer_Gender: #N/A
Name Slicer_Generation: #N/A
Name Slicer_Product_Category: #N/A

Sheet Q1 Sales by Product Category
A3: Product Category | B3: Sum of Sales
A4: Beauty | B4: 143515
A5: Clothing | B5: 155580
A6: Electronics | B6: 156905
A7: Grand Total | B7: 456000

Sheet Q2 Sales by Category and Gender
A3: Sum of Sales | B3: Gender
A4: Product Category | B4: Female | C4: Male | D4: Grand Total
A5: Beauty | B5: 0.16410088 | C5: 0.150625 | D5: 0.31472588
A6: Clothing | B6: 0.17823465 | C6: 0.16294956 | D6: 0.34118421
A7: Electronics | B7: 0.16827851 | C7: 0.1758114 | D7: 0.34408991
A8: Grand Total | B8: 0.51061404 | C8: 0.48938596 | D8: 1

Sheet Sheet1
A3: Sum of Sales | B3: Generation
A4: Product Category | B4: Adult | C4: Senior | D4: Young Adult | E4: Grand Total
A5: Beauty | B5: 0.1491886 | C5: 0.074747807 | D5: 0.090789474 | E5: 0.31472588
A6: Clothing | B6: 0.13675439 | C6: 0.10322368 | D6: 0.10120614 | E6: 0.34118421
A7: Electronics | B7: 0.13004386 | C7: 0.13596491 | D7: 0.07808114 | E7: 0.34408991
A8: Grand Total | B8: 0.41598684 | C8: 0.3139364 | D8: 0.27007675 | E8: 1

Sheet retail_sales_dataset
A1: Transaction ID | B1: Day | C1: Month | D1: Year | E1: Date | F1: Customer ID | G1: Gender | H1: Age | I1: Generation | J1: Product Category | K1: Quantity | L1: Price per Unit | M1: Sales | N1: Commission 2023 | O1: Commission 2024 | P1: Commission Total
A2: 1 | B2: =VLOOKUP(A2,retail_sales_dataset!$1:$1048576, 13, FALSE) -> 150 | C2: =MONTH(E2) -> 11 | D2: =YEAR(E2) -> 2023 | E2: 45254 | F2: CUST001 | G2: Male | H2: 34 | I2: {=_xlfn.IFS(H2<30, "Young Adult", H2<50, "Adult", H2>=50, "Senior")} -> Adult | J2: Beauty | K2: 3 | L2: 50 | M2: =K2 * L2 -> 150 | N2: =M2 * $Q$3 -> 2.25 | O2: =M2 * $Q$4 -> 3 | Q2: rate %
A3: 2 | B3: =DAY(E3) -> 27 | C3: =MONTH(E3) -> 2 | D3: =YEAR(E3) -> 2023 | E3: 44984 | F3: CUST002 | G3: Female | H3: 26 | I3: {=_xlfn.IFS(H3<30, "Young Adult", H3<50, "Adult", H3>=50, "Senior")} -> Young Adult | J3: Clothing | K3: 2 | L3: 500 | M3: =K3 * L3 -> 1000 | N3: =M3 * $Q$3 -> 15 | O3: =M3 * $Q$4 -> 20 | P3: commission 2023 | Q3: 0.015
A4: 3 | B4: =DAY(E4) -> 13 | C4: =MONTH(E4) -> 1 | D4: =YEAR(E4) -> 2023 | E4: 44939 | F4: CUST003 | G4: Male | H4: 50 | I4: {=_xlfn.IFS(H4<30, "Young Adult", H4<50, "Adult", H4>=50, "Senior")} -> Senior | J4: Electronics | K4: 1 | L4: 30 | M4: =K4 * L4 -> 30 | N4: =M4 * $Q$3 -> 0.45 | O4: =M4 * $Q$4 -> 0.6 | P4: commission 2024 | Q4: 0.02
A5: 4 | B5: =DAY(E5) -> 21 | C5: =MONTH(E5) -> 5 | D5: =YEAR(E5) -> 2023 | E5: 45067 | F5: CUST004 | G5: Male | H5: 37 | I5: {=_xlfn.IFS(H5<30, "Young Adult", H5<50, "Adult", H5>=50, "Senior")} -> Adult | J5: Clothing | K5: 1 | L5: 500 | M5: =K5 * L5 -> 500 | N5: =M5 * $Q$3 -> 7.5 | O5: =M5 * $Q$4 -> 10
A6: 5 | B6: =DAY(E6) -> 6 | C6: =MONTH(E6) -> 5 | D6: =YEAR(E6) -> 2023 | E6: 45052 | F6: CUST005 | G6: Male | H6: 30 | I6: {=_xlfn.IFS(H6<30, "Young Adult", H6<50, "Adult", H6>=50, "Senior")} -> Adult | J6: Beauty | K6: 2 | L6: 50 | M6: =K6 * L6 -> 100 | N6: =M6 * $Q$3 -> 1.5 | O6: =M6 * $Q$4 -> 2
A7: 6 | B7: =DAY(E7) -> 25 | C7: =MONTH(E7) -> 4 | D7: =YEAR(E7) -> 2023 | E7: 45041 | F7: CUST006 | G7: Female | H7: 45 | I7: {=_xlfn.IFS(H7<30, "Young Adult", H7<50, "Adult", H7>=50, "Senior")} -> Adult | J7: Beauty | K7: 1 | L7: 30 | M7: =K7 * L7 -> 30 | N7: =M7 * $Q$3 -> 0.45 | O7: =M7 * $Q$4 -> 0.6 | R7: Quantity
A8: 7 | B8: =DAY(E8) -> 13 | C8: =MONTH(E8) -> 3 | D8: =YEAR(E8) -> 2023 | E8: 44998 | F8: CUST007 | G8: Male | H8: 46 | I8: {=_xlfn.IFS(H8<30, "Young Adult", H8<50, "Adult", H8>=50, "Senior")} -> Adult | J8: Clothing | K8: 2 | L8: 25 | M8: =K8 * L8 -> 50 | N8: =M8 * $Q$3 -> 0.75 | O8: =M8 * $Q$4 -> 1 | R8: Female | S8: Male | T8: Average sales
A9: 8 | B9: =DAY(E9) -> 22 | C9: =MONTH(E9) -> 2 | D9: =YEAR(E9) -> 2023 | E9: 44979 | F9: CUST008 | G9: Male | H9: 30 | I9: {=_xlfn.IFS(H9<30, "Young Adult", H9<50, "Adult", H9>=50, "Senior")} -> Adult | J9: Electronics | K9: 4 | L9: 25 | M9: =K9 * L9 -> 100 | N9: =M9 * $Q$3 -> 1.5 | O9: =M9 * $Q$4 -> 2 | R9: =SUMIFS(K:K, G:G, "Female", J:J, "Beauty") -> 418 | S9: =SUMIFS(K:K,G:G, "Male", J:J, "Beauty") -> 353 | T9: =AVERAGE(M:M) -> 456
A10: 9 | B10: =DAY(E10) -> 13 | C10: =MONTH(E10) -> 12 | D10: =YEAR(E10) -> 2023 | E10: 45273 | F10: CUST009 | G10: Male | H10: 63 | I10: {=_xlfn.IFS(H10<30, "Young Adult", H10<50, "Adult", H10>=50, "Senior")} -> Senior | J10: Electronics | K10: 2 | L10: 300 | M10: =K10 * L10 -> 600 | N10: =M10 * $Q$3 -> 9 | O10: =M10 * $Q$4 -> 12 | P10: =SUM(N:N) -> 6840 | R10: =SUMIFS(K:K, G:G, "Female", J:J, "Electronics") -> 439 | S10: =SUMIFS(K:K,G:G, "Male",J:J, "Electronics") -> 410 | T10: =AVERAGEIF(J:J,P10,M:M) -> #DIV/0!
A11: 10 | B11: =DAY(E11) -> 7 | C11: =MONTH(E11) -> 10 | D11: =YEAR(E11) -> 2023 | E11: 45206 | F11: CUST010 | G11: Female | H11: 52 | I11: {=_xlfn.IFS(H11<30, "Young Adult", H11<50, "Adult", H11>=50, "Senior")} -> Senior | J11: Clothing | K11: 4 | L11: 50 | M11: =K11 * L11 -> 200 | N11: =M11 * $Q$3 -> 3 | O11: =M11 * $Q$4 -> 4 | P11: =AVERAGE(N:N) -> 6.84 | Q11: Total Sales | R11: =SUMIFS(K:K, G:G, "Female", J:J, "clothing") -> 441 | S11: =SUMIFS(K:K, G:G, "Male", J:J, "Clothing") -> 453 | T11: =AVERAGEIF(J:J,P11,M:M) -> #DIV/0!
A12: 11 | B12: =DAY(E12) -> 14 | C12: =MONTH(E12) -> 2 | D12: =YEAR(E12) -> 2023 | E12: 44971 | F12: CUST011 | G12: Male | H12: 23 | I12: {=_xlfn.IFS(H12<30, "Young Adult", H12<50, "Adult", H12>=50, "Senior")} -> Young Adult | J12: Clothing | K12: 2 | L12: 50 | M12: =K12 * L12 -> 100 | N12: =M12 * $Q$3 -> 1.5 | O12: =M12 * $Q$4 -> 2
A13: 12 | B13: =DAY(E13) -> 30 | C13: =MONTH(E13) -> 10 | D13: =YEAR(E13) -> 2023 | E13: 45229 | F13: CUST012 | G13: Male | H13: 35 | I13: {=_xlfn.IFS(H13<30, "Young Adult", H13<50, "Adult", H13>=50, "Senior")} -> Adult | J13: Beauty | K13: 3 | L13: 25 | M13: =K13 * L13 -> 75 | N13: =M13 * $Q$3 -> 1.125 | O13: =M13 * $Q$4 -> 1.5
A14: 13 | B14: =DAY(E14) -> 5 | C14: =MONTH(E14) -> 8 | D14: =YEAR(E14) -> 2023 | E14: 45143 | F14: CUST013 | G14: Male | H14: 22 | I14: {=_xlfn.IFS(H14<30, "Young Adult", H14<50, "Adult", H14>=50, "Senior")} -> Young Adult | J14: Electronics | K14: 3 | L14: 500 | M14: =K14 * L14 -> 1500 | N14: =M14 * $Q$3 -> 22.5 | O14: =M14 * $Q$4 -> 30 | P14: All products | Q14: =SUM(M:M) -> 456000
A15: 14 | B15: =DAY(E15) -> 17 | C15: =MONTH(E15) -> 1 | D15: =YEAR(E15) -> 2023 | E15: 44943 | F15: CUST014 | G15: Male | H15: 64 | I15: {=_xlfn.IFS(H15<30, "Young Adult", H15<50, "Adult", H15>=50, "Senior")} -> Senior | J15: Clothing | K15: 4 | L15: 30 | M15: =K15 * L15 -> 120 | N15: =M15 * $Q$3 -> 1.8 | O15: =M15 * $Q$4 -> 2.4
A16: 15 | B16: =DAY(E16) -> 16 | C16: =MONTH(E16) -> 1 | D16: =YEAR(E16) -> 2023 | E16: 44942 | F16: CUST015 | G16: Female | H16: 42 | I16: {=_xlfn.IFS(H16<30, "Young Adult", H16<50, "Adult", H16>=50, "Senior")} -> Adult | J16: Electronics | K16: 4 | L16: 500 | M16: =K16 * L16 -> 2000 | N16: =M16 * $Q$3 -> 30 | O16: =M16 * $Q$4 -> 40
A17: 16 | B17: =DAY(E17) -> 17 | C17: =MONTH(E17) -> 2 | D17: =YEAR(E17) -> 2023 | E17: 44974 | F17: CUST016 | G17: Male | H17: 19 | I17: {=_xlfn.IFS(H17<30, "Young Adult", H17<50, "Adult", H17>=50, "Senior")} -> Young Adult | J17: Clothing | K17: 3 | L17: 500 | M17: =K17 * L17 -> 1500 | N17: =M17 * $Q$3 -> 22.5 | O17: =M17 * $Q$4 -> 30 | P17: Clothing | Q17: =SUMIF(J:J, "Clothing", M:M) -> 155580
A18: 17 | B18: =DAY(E18) -> 22 | C18: =MONTH(E18) -> 4 | D18: =YEAR(E18) -> 2023 | E18: 45038 | F18: CUST017 | G18: Female | H18: 27 | I18: {=_xlfn.IFS(H18<30, "Young Adult", H18<50, "Adult", H18>=50, "Senior")} -> Young Adult | J18: Clothing | K18: 4 | L18: 25 | M18: =K18 * L18 -> 100 | N18: =M18 * $Q$3 -> 1.5 | O18: =M18 * $Q$4 -> 2
A19: 18 | B19: =DAY(E19) -> 30 | C19: =MONTH(E19) -> 4 | D19: =YEAR(E19) -> 2023 | E19: 45046 | F19: CUST018 | G19: Female | H19: 47 | I19: {=_xlfn.IFS(H19<30, "Young Adult", H19<50, "Adult", H19>=50, "Senior")} -> Adult | J19: Electronics | K19: 2 | L19: 25 | M19: =K19 * L19 -> 50 | N19: =M19 * $Q$3 -> 0.75 | O19: =M19 * $Q$4 -> 1
A20: 19 | B20: =DAY(E20) -> 16 | C20: =MONTH(E20) -> 9 | D20: =YEAR(E20) -> 2023 | E20: 45185 | F20: CUST019 | G20: Female | H20: 62 | I20: {=_xlfn.IFS(H20<30, "Young Adult", H20<50, "Adult", H20>=50, "Senior")} -> Senior | J20: Clothing | K20: 2 | L20: 25 | M20: =K20 * L20 -> 50 | N20: =M20 * $Q$3 -> 0.75 | O20: =M20 * $Q$4 -> 1
A21: 20 | B21: =DAY(E21) -> 5 | C21: =MONTH(E21) -> 11 | D21: =YEAR(E21) -> 2023 | E21: 45235 | F21: CUST020 | G21: Male | H21: 22 | I21: {=_xlfn.IFS(H21<30, "Young Adult", H21<50, "Adult", H21>=50, "Senior")} -> Young Adult | J21: Clothing | K21: 3 | L21: 300 | M21: =K21 * L21 -> 900 | N21: =M21 * $Q$3 -> 13.5 | O21: =M21 * $Q$4 -> 18
A22: 21 | B22: =DAY(E22) -> 14 | C22: =MONTH(E22) -> 1 | D22: =YEAR(E22) -> 2023 | E22: 44940 | F22: CUST021 | G22: Female | H22: 50 | I22: {=_xlfn.IFS(H22<30, "Young Adult", H22<50, "Adult", H22>=50, "Senior")} -> Senior | J22: Beauty | K22: 1 | L22: 500 | M22: =K22 * L22 -> 500 | N22: =M22 * $Q$3 -> 7.5 | O22: =M22 * $Q$4 -> 10
A23: 22 | B23: =DAY(E23) -> 15 | C23: =MONTH(E23) -> 10 | D23: =YEAR(E23) -> 2023 | E23: 45214 | F23: CUST022 | G23: Male | H23: 18 | I23: {=_xlfn.IFS(H23<30, "Young Adult", H23<50, "Adult", H23>=50, "Senior")} -> Young Adult | J23: Clothing | K23: 2 | L23: 50 | M23: =K23 * L23 -> 100 | N23: =M23 * $Q$3 -> 1.5 | O23: =M23 * $Q$4 -> 2
A24: 23 | B24: =DAY(E24) -> 12 | C24: =MONTH(E24) -> 4 | D24: =YEAR(E24) -> 2023 | E24: 45028 | F24: CUST023 | G24: Female | H24: 35 | I24: {=_xlfn.IFS(H24<30, "Young Adult", H24<50, "Adult", H24>=50, "Senior")} -> Adult | J24: Clothing | K24: 4 | L24: 30 | M24: =K24 * L24 -> 120 | N24: =M24 * $Q$3 -> 1.8 | O24: =M24 * $Q$4 -> 2.4
A25: 24 | B25: =DAY(E25) -> 29 | C25: =MONTH(E25) -> 11 | D25: =YEAR(E25) -> 2023 | E25: 45259 | F25: CUST024 | G25: Female | H25: 49 | I25: {=_xlfn.IFS(H25<30, "Young Adult", H25<50, "Adult", H25>=50, "Senior")} -> Adult | J25: Clothing | K25: 1 | L25: 300 | M25: =K25 * L25 -> 300 | N25: =M25 * $Q$3 -> 4.5 | O25: =M25 * $Q$4 -> 6
A26: 25 | B26: =DAY(E26) -> 26 | C26: =MONTH(E26) -> 12 | D26: =YEAR(E26) -> 2023 | E26: 45286 | F26: CUST025 | G26: Female | H26: 64 | I26: {=_xlfn.IFS(H26<30, "Young Adult", H26<50, "Adult", H26>=50, "Senior")} -> Senior | J26: Beauty | K26: 1 | L26: 50 | M26: =K26 * L26 -> 50 | N26: =M26 * $Q$3 -> 0.75 | O26: =M26 * $Q$4 -> 1
A27: 26 | B27: =DAY(E27) -> 7 | C27: =MONTH(E27) -> 10 | D27: =YEAR(E27) -> 2023 | E27: 45206 | F27: CUST026 | G27: Female | H27: 28 | I27: {=_xlfn.IFS(H27<30, "Young Adult", H27<50, "Adult", H27>=50, "Senior")} -> Young Adult | J27: Electronics | K27: 2 | L27: 500 | M27: =K27 * L27 -> 1000 | N27: =M27 * $Q$3 -> 15 | O27: =M27 * $Q$4 -> 20
A28: 27 | B28: =DAY(E28) -> 3 | C28: =MONTH(E28) -> 8 | D28: =YEAR(E28) -> 2023 | E28: 45141 | F28: CUST027 | G28: Female | H28: 38 | I28: {=_xlfn.IFS(H28<30, "Young Adult", H28<50, "Adult", H28>=50, "Senior")} -> Adult | J28: Beauty | K28: 2 | L28: 25 | M28: =K28 * L28 -> 50 | N28: =M28 * $Q$3 -> 0.75 | O28: =M28 * $Q$4 -> 1
A29: 28 | B29: =DAY(E29) -> 23 | C29: =MONTH(E29) -> 4 | D29: =YEAR(E29) -> 2023 | E29: 45039 | F29: CUST028 | G29: Female | H29: 43 | I29: {=_xlfn.IFS(H29<30, "Young Adult", H29<50, "Adult", H29>=50, "Senior")} -> Adult | J29: Beauty | K29: 1 | L29: 500 | M29: =K29 * L29 -> 500 | N29: =M29 * $Q$3 -> 7.5 | O29: =M29 * $Q$4 -> 10
... A32: 31 | B32: =DAY(E32) -> 23 | C32: =MONTH(E32) -> 5 | D32: =YEAR(E32) -> 2023 | E32: 45069 | F32: CUST031 | G32: Male | H32: 44 | I32: {=_xlfn.IFS(H32<30, "Young Adult", H32<50, "Adult", H32>=50, "Senior")} -> Adult | J32: Electronics | K32: 4 | L32: 300 | M32: =K32 * L32 -> 1200 | N32: =M32 * $Q$3 -> 18 | O32: =M32 * $Q$4 -> 24
A33: 32 | B33: =DAY(E33) -> 4 | C33: =MONTH(E33) -> 1 | D33: =YEAR(E33) -> 2023 | E33: 44930 | F33: CUST032 | G33: Male | H33: 30 | I33: {=_xlfn.IFS(H33<30, "Young Adult", H33<50, "Adult", H33>=50, "Senior")} -> Adult | J33: Beauty | K33: 3 | L33: 30 | M33: =K33 * L33 -> 90 | N33: =M33 * $Q$3 -> 1.35 | O33: =M33 * $Q$4 -> 1.8 | P33: Electronics | Q33: =SUMIF(J:J, "Electronics", M:M) -> 156905
A34: 33 | B34: =DAY(E34) -> 23 | C34: =MONTH(E34) -> 3 | D34: =YEAR(E34) -> 2023 | E34: 45008 | F34: CUST033 | G34: Female | H34: 50 | I34: {=_xlfn.IFS(H34<30, "Young Adult", H34<50, "Adult", H34>=50, "Senior")} -> Senior | J34: Electronics | K34: 2 | L34: 50 | M34: =K34 * L34 -> 100 | N34: =M34 * $Q$3 -> 1.5 | O34: =M34 * $Q$4 -> 2
A35: 34 | B35: =DAY(E35) -> 24 | C35: =MONTH(E35) -> 12 | D35: =YEAR(E35) -> 2023 | E35: 45284 | F35: CUST034 | G35: Female | H35: 51 | I35: {=_xlfn.IFS(H35<30, "Young Adult", H35<50, "Adult", H35>=50, "Senior")} -> Senior | J35: Clothing | K35: 3 | L35: 50 | M35: =K35 * L35 -> 150 | N35: =M35 * $Q$3 -> 2.25 | O35: =M35 * $Q$4 -> 3
A36: 35 | B36: =DAY(E36) -> 5 | C36: =MONTH(E36) -> 8 | D36: =YEAR(E36) -> 2023 | E36: 45143 | F36: CUST035 | G36: Female | H36: 58 | I36: {=_xlfn.IFS(H36<30, "Young Adult", H36<50, "Adult", H36>=50, "Senior")} -> Senior | J36: Beauty | K36: 3 | L36: 300 | M36: =K36 * L36 -> 900 | N36: =M36 * $Q$3 -> 13.5 | O36: =M36 * $Q$4 -> 18
A37: 36 | B37: =DAY(E37) -> 24 | C37: =MONTH(E37) -> 6 | D37: =YEAR(E37) -> 2023 | E37: 45101 | F37: CUST036 | G37: Male | H37: 52 | I37: {=_xlfn.IFS(H37<30, "Young Adult", H37<50, "Adult", H37>=50, "Senior")} -> Senior | J37: Beauty | K37: 3 | L37: 300 | M37: =K37 * L37 -> 900 | N37: =M37 * $Q$3 -> 13.5 | O37: =M37 * $Q$4 -> 18
A38: 37 | B38: =DAY(E38) -> 23 | C38: =MONTH(E38) -> 5 | D38: =YEAR(E38) -> 2023 | E38: 45069 | F38: CUST037 | G38: Female | H38: 18 | I38: {=_xlfn.IFS(H38<30, "Young Adult", H38<50, "Adult", H38>=50, "Senior")} -> Young Adult | J38: Beauty | K38: 3 | L38: 25 | M38: =K38 * L38 -> 75 | N38: =M38 * $Q$3 -> 1.125 | O38: =M38 * $Q$4 -> 1.5
A39: 38 | B39: =DAY(E39) -> 21 | C39: =MONTH(E39) -> 3 | D39: =YEAR(E39) -> 2023 | E39: 45006 | F39: CUST038 | G39: Male | H39: 38 | I39: {=_xlfn.IFS(H39<30, "Young Adult", H39<50, "Adult", H39>=50, "Senior")} -> Adult | J39: Beauty | K39: 4 | L39: 50 | M39: =K39 * L39 -> 200 | N39: =M39 * $Q$3 -> 3 | O39: =M39 * $Q$4 -> 4
A40: 39 | B40: =DAY(E40) -> 21 | C40: =MONTH(E40) -> 4 | D40: =YEAR(E40) -> 2023 | E40: 45037 | F40: CUST039 | G40: Male | H40: 23 | I40: {=_xlfn.IFS(H40<30, "Young Adult", H40<50, "Adult", H40>=50, "Senior")} -> Young Adult | J40: Clothing | K40: 4 | L40: 30 | M40: =K40 * L40 -> 120 | N40: =M40 * $Q$3 -> 1.8 | O40: =M40 * $Q$4 -> 2.4
A41: 40 | B41: =DAY(E41) -> 22 | C41: =MONTH(E41) -> 6 | D41: =YEAR(E41) -> 2023 | E41: 45099 | F41: CUST040 | G41: Male | H41: 45 | I41: {=_xlfn.IFS(H41<30, "Young Adult", H41<50, "Adult", H41>=50, "Senior")} -> Adult | J41: Beauty | K41: 1 | L41: 50 | M41: =K41 * L41 -> 50 | N41: =M41 * $Q$3 -> 0.75 | O41: =M41 * $Q$4 -> 1
A42: 41 | B42: =DAY(E42) -> 22 | C42: =MONTH(E42) -> 2 | D42: =YEAR(E42) -> 2023 | E42: 44979 | F42: CUST041 | G42: Male | H42: 34 | I42: {=_xlfn.IFS(H42<30, "Young Adult", H42<50, "Adult", H42>=50, "Senior")} -> Adult | J42: Clothing | K42: 2 | L42: 25 | M42: =K42 * L42 -> 50 | N42: =M42 * $Q$3 -> 0.75 | O42: =M42 * $Q$4 -> 1
A43: 42 | B43: =DAY(E43) -> 17 | C43: =MONTH(E43) -> 2 | D43: =YEAR(E43) -> 2023 | E43: 44974 | F43: CUST042 | G43: Male | H43: 22 | I43: {=_xlfn.IFS(H43<30, "Young Adult", H43<50, "Adult", H43>=50, "Senior")} -> Young Adult | J43: Clothing | K43: 3 | L43: 300 | M43: =K43 * L43 -> 900 | N43: =M43 * $Q$3 -> 13.5 | O43: =M43 * $Q$4 -> 18
A44: 43 | B44: =DAY(E44) -> 14 | C44: =MONTH(E44) -> 7 | D44: =YEAR(E44) -> 2023 | E44: 45121 | F44: CUST043 | G44: Female | H44: 48 | I44: {=_xlfn.IFS(H44<30, "Young Adult", H44<50, "Adult", H44>=50, "Senior")} -> Adult | J44: Clothing | K44: 1 | L44: 300 | M44: =K44 * L44 -> 300 | N44: =M44 * $Q$3 -> 4.5 | O44: =M44 * $Q$4 -> 6
A45: 44 | B45: =DAY(E45) -> 19 | C45: =MONTH(E45) -> 2 | D45: =YEAR(E45) -> 2023 | E45: 44976 | F45: CUST044 | G45: Female | H45: 22 | I45: {=_xlfn.IFS(H45<30, "Young Adult", H45<50, "Adult", H45>=50, "Senior")} -> Young Adult | J45: Clothing | K45: 1 | L45: 25 | M45: =K45 * L45 -> 25 | N45: =M45 * $Q$3 -> 0.375 | O45: =M45 * $Q$4 -> 0.5
... A522: 521 | B522: =DAY(E522) -> 12 | C522: =MONTH(E522) -> 8 | D522: =YEAR(E522) -> 2023 | E522: 45150 | F522: CUST521 | G522: Female | H522: 47 | I522: {=_xlfn.IFS(H522<30, "Young Adult", H522<50, "Adult", H522>=50, "Senior")} -> Adult | J522: Clothing | K522: 4 | L522: 30 | M522: =K522 * L522 -> 120 | N522: =M522 * $Q$3 -> 1.8 | O522: =M522 * $Q$4 -> 2.4
A523: 522 | B523: =DAY(E523) -> 1 | C523: =MONTH(E523) -> 1 | D523: =YEAR(E523) -> 2023 | E523: 44927 | F523: CUST522 | G523: Male | H523: 46 | I523: {=_xlfn.IFS(H523<30, "Young Adult", H523<50, "Adult", H523>=50, "Senior")} -> Adult | J523: Beauty | K523: 3 | L523: 500 | M523: =K523 * L523 -> 1500 | N523: =M523 * $Q$3 -> 22.5 | O523: =M523 * $Q$4 -> 30 | P523: commission 2024 | Q523: 0.02
A524: 523 | B524: =DAY(E524) -> 24 | C524: =MONTH(E524) -> 9 | D524: =YEAR(E524) -> 2023 | E524: 45193 | F524: CUST523 | G524: Female | H524: 62 | I524: {=_xlfn.IFS(H524<30, "Young Adult", H524<50, "Adult", H524>=50, "Senior")} -> Senior | J524: Electronics | K524: 1 | L524: 300 | M524: =K524 * L524 -> 300 | N524: =M524 * $Q$3 -> 4.5 | O524: =M524 * $Q$4 -> 6
A525: 524 | B525: =DAY(E525) -> 3 | C525: =MONTH(E525) -> 10 | D525: =YEAR(E525) -> 2023 | E525: 45202 | F525: CUST524 | G525: Male | H525: 46 | I525: {=_xlfn.IFS(H525<30, "Young Adult", H525<50, "Adult", H525>=50, "Senior")} -> Adult | J525: Beauty | K525: 4 | L525: 300 | M525: =K525 * L525 -> 1200 | N525: =M525 * $Q$3 -> 18 | O525: =M525 * $Q$4 -> 24
A526: 525 | B526: =DAY(E526) -> 18 | C526: =MONTH(E526) -> 12 | D526: =YEAR(E526) -> 2023 | E526: 45278 | F526: CUST525 | G526: Female | H526: 47 | I526: {=_xlfn.IFS(H526<30, "Young Adult", H526<50, "Adult", H526>=50, "Senior")} -> Adult | J526: Beauty | K526: 2 | L526: 25 | M526: =K526 * L526 -> 50 | N526: =M526 * $Q$3 -> 0.75 | O526: =M526 * $Q$4 -> 1
A527: 526 | B527: =DAY(E527) -> 10 | C527: =MONTH(E527) -> 12 | D527: =YEAR(E527) -> 2023 | E527: 45270 | F527: CUST526 | G527: Male | H527: 33 | I527: {=_xlfn.IFS(H527<30, "Young Adult", H527<50, "Adult", H527>=50, "Senior")} -> Adult | J527: Clothing | K527: 2 | L527: 50 | M527: =K527 * L527 -> 100 | N527: =M527 * $Q$3 -> 1.5 | O527: =M527 * $Q$4 -> 2
A528: 527 | B528: =DAY(E528) -> 11 | C528: =MONTH(E528) -> 4 | D528: =YEAR(E528) -> 2023 | E528: 45027 | F528: CUST527 | G528: Male | H528: 57 | I528: {=_xlfn.IFS(H528<30, "Young Adult", H528<50, "Adult", H528>=50, "Senior")} -> Senior | J528: Clothing | K528: 2 | L528: 25 | M528: =K528 * L528 -> 50 | N528: =M528 * $Q$3 -> 0.75 | O528: =M528 * $Q$4 -> 1
A529: 528 | B529: =DAY(E529) -> 6 | C529: =MONTH(E529) -> 7 | D529: =YEAR(E529) -> 2023 | E529: 45113 | F529: CUST528 | G529: Female | H529: 36 | I529: {=_xlfn.IFS(H529<30, "Young Adult", H529<50, "Adult", H529>=50, "Senior")} -> Adult | J529: Clothing | K529: 2 | L529: 30 | M529: =K529 * L529 -> 60 | N529: =M529 * $Q$3 -> 0.9 | O529: =M529 * $Q$4 -> 1.2
A530: 529 | B530: =DAY(E530) -> 9 | C530: =MONTH(E530) -> 8 | D530: =YEAR(E530) -> 2023 | E530: 45147 | F530: CUST529 | G530: Female | H530: 35 | I530: {=_xlfn.IFS(H530<30, "Young Adult", H530<50, "Adult", H530>=50, "Senior")} -> Adult | J530: Clothing | K530: 3 | L530: 50 | M530: =K530 * L530 -> 150 | N530: =M530 * $Q$3 -> 2.25 | O530: =M530 * $Q$4 -> 3
A531: 530 | B531: =DAY(E531) -> 5 | C531: =MONTH(E531) -> 2 | D531: =YEAR(E531) -> 2023 | E531: 44962 | F531: CUST530 | G531: Female | H531: 18 | I531: {=_xlfn.IFS(H531<30, "Young Adult", H531<50, "Adult", H531>=50, "Senior")} -> Young Adult | J531: Electronics | K531: 4 | L531: 30 | M531: =K531 * L531 -> 120 | N531: =M531 * $Q$3 -> 1.8 | O531: =M531 * $Q$4 -> 2.4
A532: 531 | B532: =DAY(E532) -> 7 | C532: =MONTH(E532) -> 12 | D532: =YEAR(E532) -> 2023 | E532: 45267 | F532: CUST531 | G532: Male | H532: 31 | I532: {=_xlfn.IFS(H532<30, "Young Adult", H532<50, "Adult", H532>=50, "Senior")} -> Adult | J532: Electronics | K532: 1 | L532: 500 | M532: =K532 * L532 -> 500 | N532: =M532 * $Q$3 -> 7.5 | O532: =M532 * $Q$4 -> 10
A533: 532 | B533: =DAY(E533) -> 19 | C533: =MONTH(E533) -> 6 | D533: =YEAR(E533) -> 2023 | E533: 45096 | F533: CUST532 | G533: Female | H533: 64 | I533: {=_xlfn.IFS(H533<30, "Young Adult", H533<50, "Adult", H533>=50, "Senior")} -> Senior | J533: Clothing | K533: 4 | L533: 30 | M533: =K533 * L533 -> 120 | N533: =M533 * $Q$3 -> 1.8 | O533: =M533 * $Q$4 -> 2.4
A534: 533 | B534: =DAY(E534) -> 16 | C534: =MONTH(E534) -> 11 | D534: =YEAR(E534) -> 2023 | E534: 45246 | F534: CUST533 | G534: Male | H534: 19 | I534: {=_xlfn.IFS(H534<30, "Young Adult", H534<50, "Adult", H534>=50, "Senior")} -> Young Adult | J534: Electronics | K534: 3 | L534: 500 | M534: =K534 * L534 -> 1500 | N534: =M534 * $Q$3 -> 22.5 | O534: =M534 * $Q$4 -> 30
A535: 534 | B535: =DAY(E535) -> 10 | C535: =MONTH(E535) -> 6 | D535: =YEAR(E535) -> 2023 | E535: 45087 | F535: CUST534 | G535: Male | H535: 45 | I535: {=_xlfn.IFS(H535<30, "Young Adult", H535<50, "Adult", H535>=50, "Senior")} -> Adult | J535: Clothing | K535: 2 | L535: 500 | M535: =K535 * L535 -> 1000 | N535: =M535 * $Q$3 -> 15 | O535: =M535 * $Q$4 -> 20
... A610: 609 | B610: =DAY(E610) -> 19 | C610: =MONTH(E610) -> 12 | D610: =YEAR(E610) -> 2023 | E610: 45279 | F610: CUST609 | G610: Female | H610: 47 | I610: {=_xlfn.IFS(H610<30, "Young Adult", H610<50, "Adult", H610>=50, "Senior")} -> Adult | J610: Clothing | K610: 2 | L610: 50 | M610: =K610 * L610 -> 100 | N610: =M610 * $Q$3 -> 1.5 | O610: =M610 * $Q$4 -> 2
A611: 610 | B611: =DAY(E611) -> 3 | C611: =MONTH(E611) -> 1 | D611: =YEAR(E611) -> 2023 | E611: 44929 | F611: CUST610 | G611: Female | H611: 26 | I611: {=_xlfn.IFS(H611<30, "Young Adult", H611<50, "Adult", H611>=50, "Senior")} -> Young Adult | J611: Beauty | K611: 2 | L611: 300 | M611: =K611 * L611 -> 600 | N611: =M611 * $Q$3 -> 9 | O611: =M611 * $Q$4 -> 12 | P611: Beauty | Q611: =SUMIF(J:J, "Beauty", M:M) -> 143515
A612: 611 | B612: =DAY(E612) -> 24 | C612: =MONTH(E612) -> 2 | D612: =YEAR(E612) -> 2023 | E612: 44981 | F612: CUST611 | G612: Male | H612: 51 | I612: {=_xlfn.IFS(H612<30, "Young Adult", H612<50, "Adult", H612>=50, "Senior")} -> Senior | J612: Beauty | K612: 3 | L612: 500 | M612: =K612 * L612 -> 1500 | N612: =M612 * $Q$3 -> 22.5 | O612: =M612 * $Q$4 -> 30
A613: 612 | B613: =DAY(E613) -> 6 | C613: =MONTH(E613) -> 8 | D613: =YEAR(E613) -> 2023 | E613: 45144 | F613: CUST612 | G613: Female | H613: 61 | I613: {=_xlfn.IFS(H613<30, "Young Adult", H613<50, "Adult", H613>=50, "Senior")} -> Senior | J613: Electronics | K613: 1 | L613: 500 | M613: =K613 * L613 -> 500 | N613: =M613 * $Q$3 -> 7.5 | O613: =M613 * $Q$4 -> 10
A614: 613 | B614: =DAY(E614) -> 23 | C614: =MONTH(E614) -> 4 | D614: =YEAR(E614) -> 2023 | E614: 45039 | F614: CUST613 | G614: Female | H614: 52 | I614: {=_xlfn.IFS(H614<30, "Young Adult", H614<50, "Adult", H614>=50, "Senior")} -> Senior | J614: Clothing | K614: 3 | L614: 30 | M614: =K614 * L614 -> 90 | N614: =M614 * $Q$3 -> 1.35 | O614: =M614 * $Q$4 -> 1.8
A615: 614 | B615: =DAY(E615) -> 1 | C615: =MONTH(E615) -> 4 | D615: =YEAR(E615) -> 2023 | E615: 45017 | F615: CUST614 | G615: Female | H615: 39 | I615: {=_xlfn.IFS(H615<30, "Young Adult", H615<50, "Adult", H615>=50, "Senior")} -> Adult | J615: Beauty | K615: 4 | L615: 300 | M615: =K615 * L615 -> 1200 | N615: =M615 * $Q$3 -> 18 | O615: =M615 * $Q$4 -> 24
A616: 615 | B616: =DAY(E616) -> 23 | C616: =MONTH(E616) -> 12 | D616: =YEAR(E616) -> 2023 | E616: 45283 | F616: CUST615 | G616: Female | H616: 61 | I616: {=_xlfn.IFS(H616<30, "Young Adult", H616<50, "Adult", H616>=50, "Senior")} -> Senior | J616: Clothing | K616: 4 | L616: 25 | M616: =K616 * L616 -> 100 | N616: =M616 * $Q$3 -> 1.5 | O616: =M616 * $Q$4 -> 2
A617: 616 | B617: =DAY(E617) -> 23 | C617: =MONTH(E617) -> 9 | D617: =YEAR(E617) -> 2023 | E617: 45192 | F617: CUST616 | G617: Male | H617: 41 | I617: {=_xlfn.IFS(H617<30, "Young Adult", H617<50, "Adult", H617>=50, "Senior")} -> Adult | J617: Clothing | K617: 2 | L617: 50 | M617: =K617 * L617 -> 100 | N617: =M617 * $Q$3 -> 1.5 | O617: =M617 * $Q$4 -> 2
A618: 617 | B618: =DAY(E618) -> 26 | C618: =MONTH(E618) -> 8 | D618: =YEAR(E618) -> 2023 | E618: 45164 | F618: CUST617 | G618: Male | H618: 34 | I618: {=_xlfn.IFS(H618<30, "Young Adult", H618<50, "Adult", H618>=50, "Senior")} -> Adult | J618: Electronics | K618: 1 | L618: 30 | M618: =K618 * L618 -> 30 | N618: =M618 * $Q$3 -> 0.45 | O618: =M618 * $Q$4 -> 0.6
A619: 618 | B619: =DAY(E619) -> 26 | C619: =MONTH(E619) -> 1 | D619: =YEAR(E619) -> 2023 | E619: 44952 | F619: CUST618 | G619: Female | H619: 27 | I619: {=_xlfn.IFS(H619<30, "Young Adult", H619<50, "Adult", H619>=50, "Senior")} -> Young Adult | J619: Beauty | K619: 1 | L619: 50 | M619: =K619 * L619 -> 50 | N619: =M619 * $Q$3 -> 0.75 | O619: =M619 * $Q$4 -> 1
A620: 619 | B620: =DAY(E620) -> 13 | C620: =MONTH(E620) -> 10 | D620: =YEAR(E620) -> 2023 | E620: 45212 | F620: CUST619 | G620: Male | H620: 47 | I620: {=_xlfn.IFS(H620<30, "Young Adult", H620<50, "Adult", H620>=50, "Senior")} -> Adult | J620: Electronics | K620: 4 | L620: 25 | M620: =K620 * L620 -> 100 | N620: =M620 * $Q$3 -> 1.5 | O620: =M620 * $Q$4 -> 2
A621: 620 | B621: =DAY(E621) -> 8 | C621: =MONTH(E621) -> 5 | D621: =YEAR(E621) -> 2023 | E621: 45054 | F621: CUST620 | G621: Male | H621: 63 | I621: {=_xlfn.IFS(H621<30, "Young Adult", H621<50, "Adult", H621>=50, "Senior")} -> Senior | J621: Electronics | K621: 3 | L621: 25 | M621: =K621 * L621 -> 75 | N621: =M621 * $Q$3 -> 1.125 | O621: =M621 * $Q$4 -> 1.5
A622: 621 | B622: =DAY(E622) -> 4 | C622: =MONTH(E622) -> 3 | D622: =YEAR(E622) -> 2023 | E622: 44989 | F622: CUST621 | G622: Female | H622: 40 | I622: {=_xlfn.IFS(H622<30, "Young Adult", H622<50, "Adult", H622>=50, "Senior")} -> Adult | J622: Beauty | K622: 2 | L622: 500 | M622: =K622 * L622 -> 1000 | N622: =M622 * $Q$3 -> 15 | O622: =M622 * $Q$4 -> 20
A623: 622 | B623: =DAY(E623) -> 22 | C623: =MONTH(E623) -> 8 | D623: =YEAR(E623) -> 2023 | E623: 45160 | F623: CUST622 | G623: Female | H623: 49 | I623: {=_xlfn.IFS(H623<30, "Young Adult", H623<50, "Adult", H623>=50, "Senior")} -> Adult | J623: Beauty | K623: 3 | L623: 25 | M623: =K623 * L623 -> 75 | N623: =M623 * $Q$3 -> 1.125 | O623: =M623 * $Q$4 -> 1.5
... A1001: 1000 | B1001: =DAY(E1001) -> 12 | C1001: =MONTH(E1001) -> 4 | D1001: =YEAR(E1001) -> 2023 | E1001: 45028 | F1001: CUST1000 | G1001: Male | H1001: 47 | I1001: {=_xlfn.IFS(H1001<30, "Young Adult", H1001<50, "Adult", H1001>=50, "Senior")} -> Adult | J1001: Electronics | K1001: 4 | L1001: 30 | M1001: =K1001 * L1001 -> 120 | N1001: =M1001 * $Q$3 -> 1.8 | O1001: =M1001 * $Q$4 -> 2.4

Sheet Transactions
A1: Transaction ID | B1: Total Sales | C1: Product category | D1: concatenate
A2: 10 | B2: =VLOOKUP(A2,retail_sales_dataset!$1:$1048576, 13, FALSE) -> 200 | C2: =VLOOKUP(A2,retail_sales_dataset!$1:$1048576, 10,FALSE) -> Clothing | D2: =CONCATENATE(B2, "", C2) -> 200Clothing
A3: 15 | B3: =VLOOKUP(A3,retail_sales_dataset!$1:$1048576, 13, FALSE) -> 2000 | C3: =VLOOKUP(A3,retail_sales_dataset!$1:$1048576, 10,FALSE) -> Electronics | D3: =CONCATENATE(B3, "", C3) -> 2000Electronics
A4: 25 | B4: =VLOOKUP(A4,retail_sales_dataset!$1:$1048576, 13, FALSE) -> 50 | C4: =VLOOKUP(A4,retail_sales_dataset!$1:$1048576, 10,FALSE) -> Beauty | D4: =CONCATENATE(B4, "", C4) -> 50Beauty
A5: 30 | B5: =VLOOKUP(A5,retail_sales_dataset!$1:$1048576, 13, FALSE) -> 900 | C5: =VLOOKUP(A5,retail_sales_dataset!$1:$1048576, 10,FALSE) -> Beauty | D5: =CONCATENATE(B5, "", C5) -> 900Beauty
A6: 54 | B6: =VLOOKUP(A6,retail_sales_dataset!$1:$1048576, 13, FALSE) -> 1500 | C6: =VLOOKUP(A6,retail_sales_dataset!$1:$1048576, 10,FALSE) -> Electronics | D6: =CONCATENATE(B6, "", C6) -> 1500Electronics
A7: 55 | B7: =VLOOKUP(A7,retail_sales_dataset!$1:$1048576, 13, FALSE) -> 120 | C7: =VLOOKUP(A7,retail_sales_dataset!$1:$1048576, 10,FALSE) -> Beauty | D7: =CONCATENATE(B7, "", C7) -> 120Beauty
A8: 67 | B8: =VLOOKUP(A8,retail_sales_dataset!$1:$1048576, 13, FALSE) -> 1200 | C8: =VLOOKUP(A8,retail_sales_dataset!$1:$1048576, 10,FALSE) -> Beauty | D8: =CONCATENATE(B8, "", C8) -> 1200Beauty
A9: 89 | B9: =VLOOKUP(A9,retail_sales_dataset!$1:$1048576, 13, FALSE) -> 2000 | C9: =VLOOKUP(A9,retail_sales_dataset!$1:$1048576, 10,FALSE) -> Electronics | D9: =CONCATENATE(B9, "", C9) -> 2000Electronics
A10: 100 | B10: =VLOOKUP(A10,retail_sales_dataset!$1:$1048576, 13, FALSE) -> 30 | C10: =VLOOKUP(A10,retail_sales_dataset!$1:$1048576, 10,FALSE) -> Electronics | D10: =CONCATENATE(B10, "", C10) -> 30Electronics
B11: count: number of rows contain number
A12: =COUNTA(A2:A10) -> 9 | B12: =COUNT(B2:B10) -> 9 | C12: =COUNT(C2) -> 0

Sheet Day 2 Task 2
A1: Student name | B1: English | C1: Mathematics | D1: Science | E1: Average | F1: Highest score
A2: Ted | B2: 80 | C2: 75 | D2: 90 | E2: =AVERAGE(B2:D2) -> 81.666667 | F2: =MAX(B2:D2) -> 90
A3: Linda | B3: 90 | C3: 50 | D3: 70 | E3: =AVERAGE(B3:D3) -> 70 | F3: =MAX(B3:D3) -> 90
A4: Carol | B4: 75 | C4: 85 | D4: 85 | E4: =AVERAGE(B4:D4) -> 81.666667 | F4: =MAX(B4:D4) -> 85
A5: Khan | B5: 85 | C5: 75 | D5: 80 | E5: =AVERAGE(B5:D5) -> 80 | F5: =MAX(B5:D5) -> 85
A6: Harry | B6: 80 | C6: 70 | D6: 80 | E6: =AVERAGE(B6:D6) -> 76.666667 | F6: =MAX(B6:D6) -> 80
A7: Sarah | B7: 80 | C7: 70 | D7: 80 | E7: =AVERAGE(B7:D7) -> 76.666667 | F7: =MAX(B7:D7) -> 80
A8: John | B8: 65 | C8: 80 | D8: 70 | E8: =AVERAGE(B8:D8) -> 71.666667 | F8: =MAX(B8:D8) -> 80
A9: Edward | B9: 55 | C9: 80 | D9: 60 | E9: =AVERAGE(B9:D9) -> 65 | F9: =MAX(B9:D9) -> 80
A10: Mary | B10: 55 | C10: 70 | D10: 65 | E10: =AVERAGE(B10:D10) -> 63.333333 | F10: =MAX(B10:D10) -> 70
A11: Thomas | B11: 55 | C11: 30 | D11: 65 | E11: =AVERAGE(B11:D11) -> 50 | F11: =MAX(B11:D11) -> 65
A14: Task
A15: 1) Apply filter and sorting to show the best students in each subject.
A16: 2) Calculate the average for all students and fill into Column E. (Use formula)
A17: 3) Using the =MAX fucntion, tell me what the students highest score was in column F.
A18: 4) Apply filter and sorting to show the best student in this classroom by average.
A19: 5) Apply filter and sorting to show the best student in this classroom by highest score.
A20: 6) Use conditional formatting to clearly identify the highest and lowest average scores
